id,name,age,city,salary
5451002,Lisa Thomas,40,North Joshua,79458
6046429,Sarah Johnson,34,Paynefort,77075
11509909,Robert Wilson,32,Floresport,74351
7602670,Michael Brown,30,Melissaland,76915
5066721,Robert Wilson,38,Sylviachester,84300
316698,Sarah Johnson,34,Gomezfurt,72582
7651665,Michael Brown,36,South Thomas,79101
4488593,James Jackson,33,Karenfort,73895
1490125,Lisa Thomas,44,Wilkinsontown,91000
12336541,Michael Brown,32,New John,69838
16444631,Michael Brown,30,Gutierrezberg,69324
10409262,Sarah Johnson,40,Parkerland,88710
4562499,Sarah Johnson,33,Millerborough,70237
2779316,Emily Davis,40,Mayhaven,73648
176821,James Jackson,31,Geraldfurt,70990
15781266,Sarah Johnson,36,Port Adamtown,76594
13752361,Michael Brown,32,East Joel,70909
13208920,Michael Brown,37,Port Vincentfurt,76485
3515132,Emily Davis,29,Lake Richard,69925
2818214,James Jackson,33,West Matthewside,80228
4500132,James Jackson,30,Yangshire,71003
9518212,Mary Harris,43,Anthonymouth,85817
5738849,Michael Brown,31,Nicholstown,72547
2651333,Lisa Thomas,33,Port Darren,71238
5530474,Emily Davis,28,Morganhaven,70235
10330150,Sarah Johnson,43,Loriborough,89057
14227155,David Anderson,39,Aprilfort,73206
9422459,John Smith,34,Jonathanmouth,70509
7860627,Michael Brown,29,South Annette,69217
7680865,Michael Brown,42,Lake Joseph,83251
1284608,Jennifer Taylor,32,Kelleyside,71645
16616987,Sarah Johnson,35,Robertoland,87568
10928988,Michael Brown,32,Brockburgh,75724
13826627,James Jackson,31,Weaverborough,72687
2369512,Sarah Johnson,28,South Susanport,69061
1647117,Sarah Johnson,29,East Kathleenport,69516
13165006,James Jackson,30,Williamtown,80537
3706522,John Smith,30,New Kellymouth,70862
16259465,David Anderson,34,Susanbury,77840
7768013,David Anderson,28,New Alexaland,69004
3346457,Sarah Johnson,39,Taylorborough,82343
4319423,Lisa Thomas,28,Lawrenceville,72014
9202950,Sarah Johnson,38,Clarkmouth,77023
15669041,John Smith,28,Port Kimberlyport,69006
6030428,Emily Davis,28,Lindaland,69325
12695836,Robert Wilson,28,Kyleview,69474
13888124,Jennifer Taylor,41,Lake Angela,78595
12723646,Jennifer Taylor,44,Oconnorville,89049
10161251,Robert Wilson,39,Douglasmouth,71288
5266797,Michael Brown,30,Haleyton,69619
14108331,Emily Davis,42,Morganmouth,80260
5370191,Jennifer Taylor,28,East Joseph,69184
241208,Sarah Johnson,29,Michaelmouth,74571
1221489,John Smith,35,South Allisonview,71593
4239225,Michael Brown,31,Singletonfurt,69574
9947999,John Smith,28,Port Bradley,69997
2971846,David Anderson,34,New Michael,73875
3824656,David Anderson,44,Williamsborough,91000
2193222,John Smith,28,Rodriguezburgh,69098
5241440,David Anderson,33,Crystalland,75149
6420439,James Jackson,44,Huberton,91000
9172728,Jennifer Taylor,32,Maureenchester,70799
15604511,Robert Wilson,38,New Timothyville,73892
11040951,Sarah Johnson,37,New Jeromebury,72013
4048347,John Smith,28,Barrettstad,69252
14457604,Jennifer Taylor,40,Garciafurt,75035
10295696,John Smith,29,New Alexanderburgh,69003
3975217,Emily Davis,33,South Emily,70096
2650813,Lisa Thomas,42,Davenportshire,84745
10038438,James Jackson,41,West Angelafurt,81810
9878845,Michael Brown,28,West Craig,69209
11539212,Robert Wilson,33,Johnsonbury,84389
12396133,Jennifer Taylor,35,New Robinshire,79882
8639436,David Anderson,40,Teresaborough,77786
9405125,Jennifer Taylor,41,New Jessica,82607
12236423,Mary Harris,31,North Amanda,69779
2262519,Michael Brown,34,Heidishire,70820
11384828,Michael Brown,36,Jamesville,81761
9951690,John Smith,30,West Terrimouth,70342
15405078,David Anderson,34,Bennettfort,69752
6004874,Robert Wilson,31,North Andrew,73419
10949088,Sarah Johnson,34,Jacksonfurt,81236
13390526,John Smith,36,North Josephshire,78826
5516975,Sarah Johnson,28,Lake Laura,69039
7434325,Robert Wilson,39,New Karenhaven,80488
7679955,Emily Davis,29,West Michaelland,69378
16624669,James Jackson,36,New Adamshire,74465
549802,Jennifer Taylor,41,Phamshire,89755
2909729,Jennifer Taylor,42,North Darylview,82994
10665875,John Smith,33,Ramirezfurt,70114
7674091,John Smith,30,Hoodchester,69784
14286717,Sarah Johnson,38,Jenniferview,84411
7358082,Robert Wilson,36,Longstad,77254
3347156,Jennifer Taylor,33,Nicoleland,69591
91946,David Anderson,35,Reidland,72536
8578661,David Anderson,39,Conradton,73607
10043381,David Anderson,41,Port Michael,77467
14701336,Sarah Johnson,34,North Bruceshire,71129
12843227,Emily Davis,34,Christophermouth,76495
4831740,Lisa Thomas,37,Robertsfort,74311
